create database hw_12
use hw_12
------------tasks
----1
Create table Person (personId int, firstName varchar(255), lastName varchar(255))
Create table Address (addressId int, personId int, city varchar(255), state varchar(255))
Truncate table Person
insert into Person (personId, lastName, firstName) values ('1', 'Wang', 'Allen')
insert into Person (personId, lastName, firstName) values ('2', 'Alice', 'Bob')
Truncate table Address
insert into Address (addressId, personId, city, state) values ('1', '2', 'New York City', 'New York')
insert into Address (addressId, personId, city, state) values ('2', '3', 'Leetcode', 'California')
--answer
select p.firstname, p.lastname, a.city, a.state from person p
left join address a on p.personid = a.personid;
--##############################
----2
Create table Employee (id int, name varchar(255), salary int, managerId int)
Truncate table Employee
insert into Employee (id, name, salary, managerId) values ('1', 'Joe', '70000', '3')
insert into Employee (id, name, salary, managerId) values ('2', 'Henry', '80000', '4')
insert into Employee (id, name, salary, managerId) values ('3', 'Sam', '60000', NULL)
insert into Employee (id, name, salary, managerId) values ('4', 'Max', '90000', NULL)
--answer
select employee.name from Employee as manager
join Employee as employee on manager.id=employee.managerId
where manager.salary<employee.salary
--##############################
----3
Create table Person1 (id int, email varchar(255)) 
insert into Person1 (id, email) values ('1', 'a@b.com') 
insert into Person1 (id, email) values ('2', 'c@d.com') 
insert into Person1 (id, email) values ('3', 'a@b.com')
--answer
select email from Person1
group by email
having count(email) > 1;
--##############################
----4
delete from Person1
where id not in (select min(id)from Person
group by id)
--##############################
----5
CREATE TABLE boys (
    Id INT PRIMARY KEY,
    name VARCHAR(100),
    ParentName VARCHAR(100)
);

CREATE TABLE girls (
    Id INT PRIMARY KEY,
    name VARCHAR(100),
    ParentName VARCHAR(100)
);

INSERT INTO boys (Id, name, ParentName) 
VALUES 
(1, 'John', 'Michael'),  
(2, 'David', 'James'),   
(3, 'Alex', 'Robert'),   
(4, 'Luke', 'Michael'),  
(5, 'Ethan', 'David'),    
(6, 'Mason', 'George');  


INSERT INTO girls (Id, name, ParentName) 
VALUES 
(1, 'Emma', 'Mike'),  
(2, 'Olivia', 'James'),  
(3, 'Ava', 'Robert'),    
(4, 'Sophia', 'Mike'),  
(5, 'Mia', 'John'),      
(6, 'Isabella', 'Emily'),
(7, 'Charlotte', 'George');
--answer
select distinct g.ParentName from boys as b
right join girls as g on b.ParentName=g.ParentName
where g.ParentName not in(select b.ParentName from boys b) 
--##############################
----6

--##############################
----7
DROP TABLE IF EXISTS Cart1;
DROP TABLE IF EXISTS Cart2;
GO

CREATE TABLE Cart1
(
Item  VARCHAR(100) PRIMARY KEY
);
GO

CREATE TABLE Cart2
(
Item  VARCHAR(100) PRIMARY KEY
);
GO

INSERT INTO Cart1 (Item) VALUES
('Sugar'),('Bread'),('Juice'),('Soda'),('Flour');
GO

INSERT INTO Cart2 (Item) VALUES
('Sugar'),('Bread'),('Butter'),('Cheese'),('Fruit');
GO
--answer
select isnull(c1.Item,' ') as 'Item Cart 1',isnull(c2.Item,' ') as 'Item Cart 2' from Cart1 c1
full join Cart2 c2 on c2.Item=c1.Item
--##############################
----8
Create table Customers (id int, name varchar(255))
Create table Orders (id int, customerId int)
Truncate table Customers
insert into Customers (id, name) values ('1', 'Joe')
insert into Customers (id, name) values ('2', 'Henry')
insert into Customers (id, name) values ('3', 'Sam')
insert into Customers (id, name) values ('4', 'Max')
Truncate table Orders
insert into Orders (id, customerId) values ('1', '3')
insert into Orders (id, customerId) values ('2', '1')
--##############################
----9
Create table Students (student_id int, student_name varchar(20))
Create table Subjects (subject_name varchar(20))
Create table Examinations (student_id int, subject_name varchar(20))
Truncate table Students
insert into Students (student_id, student_name) values ('1', 'Alice')
insert into Students (student_id, student_name) values ('2', 'Bob')
insert into Students (student_id, student_name) values ('13', 'John')
insert into Students (student_id, student_name) values ('6', 'Alex')
Truncate table Subjects
insert into Subjects (subject_name) values ('Math')
insert into Subjects (subject_name) values ('Physics')
insert into Subjects (subject_name) values ('Programming')
Truncate table Examinations
insert into Examinations (student_id, subject_name) values ('1', 'Math')
insert into Examinations (student_id, subject_name) values ('1', 'Physics')
insert into Examinations (student_id, subject_name) values ('1', 'Programming')
insert into Examinations (student_id, subject_name) values ('2', 'Programming')
insert into Examinations (student_id, subject_name) values ('1', 'Physics')
insert into Examinations (student_id, subject_name) values ('1', 'Math')
insert into Examinations (student_id, subject_name) values ('13', 'Math')
insert into Examinations (student_id, subject_name) values ('13', 'Programming')
insert into Examinations (student_id, subject_name) values ('13', 'Physics')
insert into Examinations (student_id, subject_name) values ('2', 'Math')
insert into Examinations (student_id, subject_name) values ('1', 'Math')
--answer
select s.student_id,s.student_name,e.subject_name,count(e.student_id) as attended_exams from Examinations e
right join Students s on e.student_id=s.student_id
group by s.student_id,s.student_name,e.subject_name
--##############################
